Name,Id
,
arm101_0,1121010
arm101_1,1121011
arm101_2,1121012
arm101_3,1121013
arm101_4,1121014
arm102_0,1121020
arm102_1,1121021
arm102_2,1121022
arm102_3,1121023
arm102_4,1121024
arm103_0,1121030
arm103_1,1121031
arm103_2,1121032
arm103_3,1121033
arm103_4,1121034
arm104_0,1121040
arm104_1,1121041
arm104_2,1121042
arm104_3,1121043
arm104_4,1121044
arm105_0,1121050
arm105_1,1121051
arm105_2,1121052
arm105_3,1121053
arm105_4,1121054
arm106_0,1121060
arm106_1,1121061
arm106_2,1121062
arm106_3,1121063
arm106_4,1121064
arm107_0,1121070
arm107_1,1121071
arm107_2,1121072
arm107_3,1121073
arm107_4,1121074
arm108_0,1121080
arm108_1,1121081
arm108_2,1121082
arm108_3,1121083
arm108_4,1121084
arm109_0,1121090
arm109_1,1121091
arm109_2,1121092
arm109_3,1121093
arm109_4,1121094
bcolor101_0,3091010
bcolor102_0,3091020
bcolor103_0,3091030
bcolor104_0,3091040
bcolor105_0,3091050
bnumber101_0,3031010
body101_0,1001010
body102_0,1001020
body103_0,1001030
body104_0,1001040
body105_0,1001050
body106_0,1001060
body201_0,1002010
body202_0,1002020
body203_0,1002030
body301_0,1003010
body302_0,1003020
body303_0,1003030
body304_0,1003040
body401_0,1004010
body402_0,1004020
body403_0,1004030
body404_0,1004040
body405_0,1004050
body406_0,1004060
body407_0,1004070
body408_0,1004080
body409_0,1004090
cname101_0,3041010
cslot101_0,2031010
cspray801_0,2158010
cspray802_0,2158020
cspray803_0,2158030
cspray804_0,2158040
cspray809_0,2158090
cspray814_0,2158140
cspray819_0,2158190
cticket101_0,2051010
drink101_0,2011010
drink102_0,2011020
drink201_0,2012010
drink202_0,2012020
drink301_0,2013010
drink801_0,2018010
dspray101_0,2141010
dspray101_0,2141020
dspray801_0,2148010
dspray813_0,2148130
ear101_0,1211010
ear101_1,1211011
ear101_2,1218012
ear101_2,1211012
ear102_0,1211020
ear102_1,1211021
ear102_2,1211022
ear103_0,1211030
ear103_1,1211031
ear103_2,1211032
ear104_0,1211040
ear104_1,1211041
ear104_2,1211042
ear701_0,1217010
emblem101_0,3021010
espray101_0,2121010
espray801_0,2128010
espray802_0,2128020
espray807_0,2128070
espray810_0,2128100
espray813_0,2128130
espray814_0,2128140
eye101_0,1021010
eye101_1,1021011
eye101_2,1021012
eye102_0,1021020
eye102_1,1021021
eye102_2,1021022
eye103_0,1021030
eye103_1,1021031
eye103_2,1021032
eye103_3,1021033
eye103_4,1021034
eye104_0,1021040
eye104_1,1021041
eye104_2,1021042
eye104_3,1021043
eye104_4,1021044
eye105_0,1021050
eye105_1,1021051
eye105_2,1021052
eye106_0,1021060
eye106_1,1021061
eye106_2,1021062
eye107_0,1021070
eye107_1,1021071
eye107_2,1021072
eye801_0,1028010
eye827_0,1028270
eye827_1,1028271
eye828_0,1028280
eye829_0,1028290
fund101_0,2091010
glove101_0,1051010
glove101_1,1051011
glove101_2,1051012
glove101_3,1051013
glove101_4,1051014
glove102_0,1051020
glove102_1,1051021
glove102_2,1051022
glove103_0,1051030
glove103_1,1051031
glove103_2,1051032
glove103_3,1051033
glove103_4,1051034
glove104_0,1051040
glove104_1,1051041
glove104_2,1051042
glove104_3,1051043
glove104_4,1051044
glove104_5,1051045
glove105_0,1051050
glove105_1,1051051
glove105_2,1051052
glove105_3,1051053
glove105_4,1051054
glove106_0,1051060
glove603_0,1056030
glove604_0,1056040
glove605_0,1056050
glove610_0,1056100
glove610_1,1056101
glove801_0,1058010
glove816_0,1058160
glove823_0,1058230
glove824_0,1058240
glove825_0,1058250
glove828_0,1058280
glove834_0,1058340
glove835_0,1058350
glove836_0,1058360
glove837_0,1058370
glove838_0,1058380
head100_0,1011000
head101_0,1011010
head101_1,1011011
head101_2,1011012
head102_0,1011020
head102_1,1011021
head102_2,1011022
head103_0,1011030
head103_1,1011031
head103_2,1011032
head104_0,1011040
head104_1,1011041
head104_2,1011042
head104_3,1011043
head104_4,1011044
head105_0,1011050
head105_1,1011051
head105_2,1011052
head105_3,1011053
head106_0,1011060
head106_1,1011061
head106_2,1011062
head106_3,1011063
head107_0,1011070
head107_1,1011071
head107_2,1011072
head108_0,1011080
head108_1,1011081
head108_2,1011082
head109_0,1011090
head109_1,1011091
head109_2,1011092
head110_0,1011100
head110_1,1011101
head111_0,1011110
head111_1,1011111
head111_2,1011112
head111_3,1011113
head112_0,1011120
head112_1,1011121
head112_2,1011122
head113_0,1011130
head113_1,1011131
head113_2,1011132
head113_3,1011133
head114_0,1011140
head114_1,1011141
head114_2,1011142
head118_0,1011180
head118_1,1011181
head118_2,1011182
head118_3,1011183
head118_4,1011184
head119_0,1011190
head119_1,1011191
head119_2,1011192
head119_3,1011193
head119_4,1011194
head120_0,1011200
head120_1,1011201
head120_2,1011202
head121_0,1011210
head121_1,1011211
head121_2,1011212
head121_3,1011213
head122_0,1011220
head122_1,1011221
head122_2,1011222
head122_3,1011223
head123_0,1011230
head123_1,1011231
head123_2,1011232
head123_3,1011233
head124_0,1011240
head124_1,1011241
head124_2,1011242
head124_3,1011243
head125_0,1011250
head125_1,1011251
head125_2,1011252
head125_3,1011253
head126_0,1011260
head126_1,1011261
head126_2,1011262
head126_3,1011263
head127_0,1011270
head127_1,1011271
head127_2,1011272
head128_0,1011280
head128_1,1011281
head128_2,1011282
head601_0,1016010
head602_0,1016020
head603_0,1016030
head604_0,1016040
head605_0,1016050
head606_0,1016060
head607_0,1016070
head607_1,1016071
head608_0,1016080
head608_1,1016081
head609_0,1016090
head609_1,1016091
head610_0,1016100
head610_1,1016101
head801_0,1018010
head802_0,1018020
head803_0,1018030
head804_0,1018040
head805_0,1018050
head805_1,1018051
head805_2,1018052
head805_3,1018053
head805_4,1018054
head806_0,1018060
head806_1,1018061
head806_2,1018062
head807_0,1018070
head807_1,1018071
head808_0,1018080
head809_0,1018090
head810_0,1018100
head811_0,1018110
head812_0,1018120
head816_0,1018160
head817_0,1018170
head818_0,1018180
head819_0,1018190
head821_0,1018210
head823_0,1018230
head824_0,1018240
head825_0,1018250
head826_0,1018260
head827_0,1018270
head827_1,1018271
head828_0,1018280
head829_0,1018290
head830_0,1018300
head831_0,1018310
head831_1,1018311
head834_0,1018340
head835_0,1018350
head836_0,1018360
head837_0,1018370
head838_0,1018380
head839_0,1018390
head840_0,1018400
head841_0,1018410
hspray801_0,2218010
hspray802_0,2218020
hspray804_0,2218040
hspray806_0,2218060
hspray811_0,2218110
hspray815_0,2218150
hspray817_0,2218170
ispray801_0,2198010
ispray802_0,2198020
ispray804_0,2198040
ispray805_0,2198050
ispray808_0,2198080
ispray810_0,2198100
ispray816_0,2198160
ispray818_0,2198180
knee101_0,1131010
knee101_1,1131011
knee101_2,1131012
knee101_3,1131013
knee101_4,1131014
knee102_0,1131020
knee102_1,1131021
knee102_2,1131022
knee102_3,1131023
knee102_4,1131024
knee103_0,1131030
knee103_1,1131031
knee103_2,1131032
knee103_3,1131033
knee103_4,1131034
knee104_0,1131040
knee104_1,1131041
knee104_2,1131042
knee104_3,1131043
knee104_4,1131044
knee105_0,1131050
knee105_1,1131051
knee105_2,1131052
knee105_3,1131053
knee105_4,1131054
knee106_0,1131060
knee106_1,1131061
knee106_2,1131062
knee106_3,1131063
knee106_4,1131064
knee107_0,1131070
knee107_1,1131071
knee107_2,1131072
knee107_3,1131073
knee107_4,1131074
knee108_0,1131080
knee108_1,1131081
knee108_2,1131082
knee108_3,1131083
knee108_4,1131084
knee109_0,1131090
knee109_1,1131091
knee109_2,1131092
knee109_3,1131093
knee109_4,1131094
kspray801_0,2188010
kspray802_0,2188020
kspray804_0,2188040
kspray805_0,2188050
kspray808_0,2188080
kspray810_0,2188100
kspray816_0,2188160
kspray818_0,2188180
lspray801_0,2178010
lspray802_0,2178020
lspray803_0,2178030
lspray804_0,2178040
lspray809_0,2178090
lspray811_0,2178110
lspray819_0,2178190
mask101_0,1241010
mask101_1,1241011
mask102_0,1241020
mask102_1,1241021
mask102_2,1241022
mask103_0,1241030
mask103_1,1241031
mask104_0,1241040
mask104_1,1241041
mask105_0,1241050
mask105_0,1241052
mask105_0,1241053
mask106_0,1241060
mask106_0,1241062
mask106_0,1241064
mask106_0,1241065
mask107_0,1241070
mask107_0,1241071
mask107_0,1241075
mask801_0,1248010
mask802_0,1248020
mask803_0,1248030
mask804_0,1248040
mask805_0,1248050
member101_0,3051010
muffler801_0,1258010
muffler802_0,1258020
muffler803_0,1258030
muffler804_0,1258040
muffler805_0,1258050
muffler828_0,1258280
muffler850_0,1258500
muffler851_0,1258510
neck101_0,1221010
neck101_1,1221011
neck101_2,1221012
neck102_0,1221020
neck102_1,1221021
neck102_2,1221022
package801_0,1268010
package802_0,1268020
package803_0,1268030
package804_0,1268040
package805_0,1268050
package828_0,1268280
pants050_0,1040500
pants050_1,1040501
pants050_2,1040502
pants051_0,1040510
pants051_1,1040511
pants051_2,1040512
pants052_0,1040520
pants052_1,1040521
pants052_2,1040522
pants060_0,1040600
pants060_1,1040601
pants060_2,1040602
pants061_0,1040610
pants061_1,1040611
pants061_2,1040612
pants062_0,1040620
pants062_1,1040621
pants062_2,1040622
pants101_0,1041010
pants101_1,1041011
pants101_2,1041012
pants102_0,1041020
pants102_1,1041021
pants102_2,1041022
pants102_3,1041023
pants103_0,1041030
pants103_1,1041031
pants103_2,1041032
pants103_3,1041033
pants104_0,1041040
pants104_1,1041041
pants104_2,1041042
pants104_3,1041043
pants105_0,1041050
pants105_1,1041051
pants105_2,1041052
pants105_3,1041053
pants106_0,1041060
pants106_1,1041061
pants106_2,1041062
pants106_3,1041063
pants107_0,1041070
pants107_1,1041071
pants107_2,1041072
pants107_3,1041073
pants107_4,1041074
pants107_5,1041075
pants108_0,1041080
pants108_1,1041081
pants108_2,1041082
pants108_3,1041083
pants108_4,1041084
pants108_5,1041085
pants109_0,1041090
pants109_1,1041091
pants109_2,1041092
pants109_3,1041093
pants109_4,1041094
pants109_5,1041095
pants110_0,1041100
pants110_1,1041101
pants110_2,1041102
pants110_3,1041103
pants110_4,1041104
pants111_0,1041110
pants111_1,1041111
pants111_2,1041112
pants111_3,1041113
pants111_4,1041114
pants112_0,1041120
pants112_1,1041121
pants112_2,1041122
pants112_3,1041123
pants112_4,1041124
pants113_0,1041130
pants113_1,1041131
pants113_2,1041132
pants113_3,1041133
pants114_0,1041140
pants114_1,1041141
pants114_2,1041142
pants114_3,1041143
pants115_0,1041150
pants115_1,1041151
pants115_2,1041152
pants115_3,1041153
pants116_0,1041160
pants116_1,1041161
pants116_2,1041162
pants117_0,1041170
pants117_1,1041171
pants117_2,1041172
pants118_0,1041180
pants118_1,1041181
pants118_2,1041182
pants119_0,1041190
pants119_1,1041191
pants119_2,1041192
pants120_0,1041200
pants120_1,1041201
pants120_2,1041202
pants120_3,1041203
pants121_0,1041210
pants121_1,1041211
pants121_2,1041212
pants121_3,1041213
pants122_0,1041220
pants122_1,1041221
pants122_2,1041222
pants122_3,1041223
pants123_0,1041230
pants123_1,1041231
pants123_2,1041232
pants123_3,1041233
pants124_0,1041240
pants125_0,1041250
pants125_1,1041251
pants125_2,1041252
pants126_0,1041260
pants126_1,1041261
pants126_2,1041262
pants127_0,1041270
pants127_1,1041271
pants128_0,1041280
pants128_1,1041281
pants129_0,1041290
pants129_1,1041291
pants140_0,1041400
pants141_0,1041410
pants142_0,1041420
pants143_0,1041430
pants144_0,1041440
pants300_0,1043000
pants301_0,1043010
pants301_2,1043012
pants302_0,1043020
pants303_0,1043030
pants304_0,1043040
pants305_0,1043050
pants306_0,1043060
pants307_0,1043070
pants308_0,1043080
pants309_0,1043090
pants310_0,1043100
pants311_0,1043110
pants312_0,1043120
pants313_0,1043130
pants314_0,1043140
pants315_0,1043150
pants316_0,1043160
pants317_0,1043170
pants318_0,1043180
pants319_0,1043190
pants320_0,1043200
pants350_0,1043500
pants351_0,1043510
pants352_0,1043520
pants353_0,1043530
pants354_0,1043540
pants355_0,1043550
pants356_0,1043560
pants357_0,1043570
pants358_0,1043580
pants359_0,1043590
pants360_0,1043600
pants361_0,1043610
pants362_0,1043620
pants363_0,1043630
pants364_0,1043640
pants365_0,1043650
pants366_0,1043660
pants367_0,1043670
pants368_0,1043680
pants369_0,1043690
pants370_0,1043700
pants371_0,1043710
pants372_0,1043720
pants373_0,1043730
pants374_0,1043740
pants401_0,1044010
pants402_0,1044020
pants403_0,1044030
pants404_0,1044040
pants405_0,1044050
pants406_0,1044060
pants407_0,1044070
pants408_0,1044080
pants409_0,1044090
pants410_0,1044100
pants411_0,1044110
pants412_0,1044120
pants413_0,1044130
pants414_0,1044140
pants415_0,1044150
pants416_0,1044160
pants417_0,1044170
pants418_0,1044180
pants419_0,1044190
pants420_0,1044200
pants421_0,1044210
pants422_0,1044220
pants423_0,1044230
pants424_0,1044240
pants425_0,1044250
pants426_0,1044260
pants427_0,1044270
pants428_0,1044280
pants429_0,1044290
pants430_0,1044300
pants431_0,1044310
pants432_0,1044320
pants433_0,1044330
pants434_0,1044340
pants435_0,1044350
pants436_0,1044360
pants437_0,1044370
pants438_0,1044380
pants439_0,1044390
pants440_0,1044400
pants441_0,1044410
pants442_0,1044420
pants443_0,1044430
pants444_0,1044440
pants445_0,1044450
pants446_0,1044460
pants447_0,1044470
pants448_0,1044480
pants503_0,1045030
pants503_1,1045031
pants503_2,1045032
pants504_0,1045040
pants504_1,1045041
pants508_0,1045080
pants509_0,1045090
pants510_0,1045100
pants511_0,1045110
pants601_0,1046010
pants601_1,1046011
pants601_2,1046012
pants601_3,1046013
pants601_4,1046014
pants601_5,1046015
pants601_6,1046016
pants602_0,1046020
pants602_1,1046021
pants602_2,1046022
pants602_3,1046023
pants602_4,1046024
pants602_5,1046025
pants602_6,1046026
pants603_0,1046030
pants604_0,1046040
pants605_0,1046050
pants606_0,1046060
pants607_0,1046070
pants801_0,1048010
pants802_0,1048020
pants803_0,1048030
pants804_0,1048040
pants804_1,1048041
pants805_0,1048050
pants810_0,1048100
pants811_0,1048110
pants812_0,1048120
pants813_0,1048130
pants814_0,1048140
pants816_0,1048160
pants817_0,1048170
pants818_0,1048180
pants819_0,1048190
pants820_0,1048200
pants821_0,1048210
pants827_0,1048270
pants827_1,1048271
pants834_0,1048340
pants835_0,1048350
pants836_0,1048360
pants837_0,1048370
pants838_0,1048380
pticket101_0,2061010
qspray101_0,2131010
qspray101_0,2131020
qspray801_0,2138010
qspray813_0,2138130
random101_0,2101010
random102_0,2101020
random103_0,2101030
reset101_0,2041010
rspray101_0,2111010
rspray807_0,2118070
rspray814_0,2118140
shirts050_0,1030500
shirts050_1,1030501
shirts050_2,1030502
shirts051_0,1030510
shirts051_1,1030511
shirts051_2,1030512
shirts052_0,1030520
shirts052_1,1030521
shirts052_2,1030522
shirts053_0,1030530
shirts054_0,1030540
shirts060_0,1030600
shirts060_1,1030601
shirts060_2,1030602
shirts061_0,1030610
shirts061_1,1030611
shirts061_2,1030612
shirts062_0,1030620
shirts062_1,1030621
shirts062_2,1030622
shirts063_0,1030630
shirts064_0,1030640
shirts101_0,1031010
shirts102_0,1031020
shirts102_1,1031021
shirts102_2,1031022
shirts102_3,1031023
shirts102_4,1031024
shirts102_5,1031025
shirts103_0,1031030
shirts103_1,1031031
shirts103_2,1031032
shirts103_3,1031033
shirts104_0,1031040
shirts104_1,1031041
shirts104_2,1031042
shirts104_3,1031043
shirts104_4,1031044
shirts105_0,1031050
shirts105_1,1031051
shirts105_2,1031052
shirts105_3,1031053
shirts106_0,1031060
shirts106_1,1031061
shirts106_2,1031062
shirts106_3,1031063
shirts107_0,1031070
shirts107_1,1031071
shirts107_2,1031072
shirts107_3,1031073
shirts107_4,1031074
shirts108_0,1031080
shirts108_1,1031081
shirts108_2,1031082
shirts108_3,1031083
shirts108_4,1031084
shirts109_0,1031090
shirts109_1,1031091
shirts109_2,1031092
shirts109_3,1031093
shirts109_4,1031094
shirts110_0,1031100
shirts110_1,1031101
shirts110_2,1031102
shirts110_3,1031103
shirts110_4,1031104
shirts111_0,1031110
shirts111_1,1031111
shirts111_2,1031112
shirts111_3,1031113
shirts112_0,1031120
shirts112_1,1031121
shirts112_2,1031122
shirts112_3,1031123
shirts112_4,1031124
shirts113_0,1031130
shirts113_1,1031131
shirts114_0,1031140
shirts114_1,1031141
shirts114_2,1031142
shirts114_3,1031143
shirts114_4,1031144
shirts114_5,1031145
shirts115_0,1031150
shirts115_1,1031151
shirts115_2,1031152
shirts115_3,1031153
shirts115_4,1031154
shirts115_5,1031155
shirts116_0,1031160
shirts116_1,1031161
shirts116_2,1031162
shirts116_3,1031163
shirts116_4,1031164
shirts116_5,1031165
shirts117_0,1031170
shirts117_1,1031171
shirts117_2,1031172
shirts118_0,1031180
shirts118_1,1031181
shirts118_2,1031182
shirts119_0,1031190
shirts119_1,1031191
shirts119_2,1031192
shirts119_3,1031193
shirts119_4,1031194
shirts120_0,1031200
shirts120_1,1031201
shirts120_2,1031202
shirts121_0,1031210
shirts121_1,1031211
shirts121_2,1031212
shirts122_0,1031220
shirts122_1,1031221
shirts123_0,1031230
shirts123_1,1031231
shirts123_2,1031232
shirts123_3,1031233
shirts124_0,1031240
shirts124_1,1031241
shirts124_2,1031242
shirts125_0,1031250
shirts125_1,1031251
shirts125_2,1031252
shirts125_3,1031253
shirts126_0,1031260
shirts126_1,1031261
shirts126_2,1031262
shirts126_3,1031263
shirts127_0,1031270
shirts127_1,1031271
shirts127_2,1031272
shirts128_0,1031280
shirts128_1,1031281
shirts128_2,1031282
shirts129_0,1031290
shirts129_1,1031291
shirts129_2,1031292
shirts129_3,1031293
shirts130_0,1031300
shirts130_1,1031301
shirts130_2,1031302
shirts131_0,1031310
shirts131_1,1031311
shirts131_2,1031312
shirts131_3,1031313
shirts132_0,1031320
shirts132_1,1031321
shirts132_2,1031322
shirts132_3,1031323
shirts133_0,1031330
shirts133_1,1031331
shirts133_2,1031332
shirts133_3,1031333
shirts133_4,1031334
shirts134_0,1031340
shirts134_1,1031341
shirts135_0,1031350
shirts135_1,1031351
shirts136_0,1031360
shirts136_1,1031361
shirts136_2,1031362
shirts137_0,1031370
shirts137_1,1031371
shirts138_0,1031380
shirts138_1,1031381
shirts139_0,1031390
shirts139_1,1031391
shirts140_0,1031400
shirts141_0,1031410
shirts142_0,1031420
shirts143_0,1031430
shirts300_0,1033000
shirts300_1,1033001
shirts301_0,1033010
shirts301_2,1033012
shirts302_0,1033020
shirts303_0,1033030
shirts304_0,1033040
shirts305_0,1033050
shirts306_0,1033060
shirts307_0,1033070
shirts308_0,1033080
shirts309_0,1033090
shirts310_0,1033100
shirts311_0,1033110
shirts312_0,1033120
shirts313_0,1033130
shirts314_0,1033140
shirts315_0,1033150
shirts316_0,1033160
shirts317_0,1033170
shirts318_0,1033180
shirts319_0,1033190
shirts320_0,1033200
shirts350_0,1033500
shirts351_0,1033510
shirts352_0,1033520
shirts353_0,1033530
shirts354_0,1033540
shirts355_0,1033550
shirts356_0,1033560
shirts357_0,1033570
shirts358_0,1033580
shirts359_0,1033590
shirts360_0,1033600
shirts361_0,1033610
shirts362_0,1033620
shirts363_0,1033630
shirts364_0,1033640
shirts365_0,1033650
shirts366_0,1033660
shirts367_0,1033670
shirts368_0,1033680
shirts369_0,1033690
shirts370_0,1033700
shirts371_0,1033710
shirts372_0,1033720
shirts373_0,1033730
shirts374_0,1033740
shirts401_0,1034010
shirts402_0,1034020
shirts403_0,1034030
shirts404_0,1034040
shirts405_0,1034050
shirts406_0,1034060
shirts407_0,1034070
shirts408_0,1034080
shirts409_0,1034090
shirts410_0,1034100
shirts411_0,1034110
shirts412_0,1034120
shirts413_0,1034130
shirts414_0,1034140
shirts415_0,1034150
shirts416_0,1034160
shirts417_0,1034170
shirts418_0,1034180
shirts419_0,1034190
shirts420_0,1034200
shirts421_0,1034210
shirts422_0,1034220
shirts423_0,1034230
shirts424_0,1034240
shirts425_0,1034250
shirts426_0,1034260
shirts427_0,1034270
shirts428_0,1034280
shirts429_0,1034290
shirts430_0,1034300
shirts431_0,1034310
shirts432_0,1034320
shirts433_0,1034330
shirts434_0,1034340
shirts435_0,1034350
shirts436_0,1034360
shirts437_0,1034370
shirts438_0,1034380
shirts439_0,1034390
shirts440_0,1034400
shirts441_0,1034410
shirts442_0,1034420
shirts443_0,1034430
shirts444_0,1034440
shirts445_0,1034450
shirts446_0,1034460
shirts447_0,1034470
shirts448_0,1034480
shirts503_0,1035030
shirts503_1,1035031
shirts503_2,1035032
shirts504_0,1035040
shirts504_1,1035041
shirts508_0,1035080
shirts509_0,1035090
shirts510_0,1035100
shirts511_0,1035110
shirts550_0,1035500
shirts601_0,1036010
shirts601_1,1036011
shirts601_2,1036012
shirts601_3,1036013
shirts601_4,1036014
shirts601_5,1036015
shirts601_6,1036016
shirts602_0,1036020
shirts602_1,1036021
shirts602_2,1036022
shirts602_3,1036023
shirts602_4,1036024
shirts602_5,1036025
shirts602_6,1036026
shirts603_0,1036030
shirts604_0,1036040
shirts605_0,1036050
shirts606_0,1036060
shirts607_0,1036070
shirts610_0,1036100
shirts610_1,1036101
shirts801_0,1038010
shirts802_0,1038020
shirts803_0,1038030
shirts803_1,1038031
shirts804_0,1038040
shirts804_1,1038041
shirts805_0,1038050
shirts805_1,1038051
shirts805_2,1038052
shirts805_3,1038053
shirts805_4,1038054
shirts806_0,1038060
shirts806_1,1038061
shirts806_2,1038062
shirts806_3,1038063
shirts806_4,1038064
shirts807_0,1038070
shirts810_0,1038100
shirts811_0,1038110
shirts812_0,1038120
shirts814_0,1038140
shirts815_0,1038150
shirts816_0,1038160
shirts817_0,1038170
shirts818_0,1038180
shirts819_0,1038190
shirts820_0,1038200
shirts821_0,1038210
shirts822_0,1038220
shirts822_1,1038221
shirts823_0,1038230
shirts824_0,1038240
shirts825_0,1038250
shirts827_0,1038270
shirts827_1,1038271
shirts831_0,1038310
shirts831_1,1038311
shirts832_0,1038320
shirts832_1,1038321
shirts833_0,1038330
shirts834_0,1038340
shirts835_0,1038350
shirts836_0,1038360
shirts837_0,1038370
shirts838_0,1038380
shirts839_0,1038390
shirts840_0,1038400
shoes101_0,1061010
shoes101_1,1061011
shoes101_2,1061012
shoes101_3,1061013
shoes101_4,1061014
shoes101_5,1061015
shoes102_0,1061020
shoes102_1,1061021
shoes102_2,1061022
shoes102_3,1061023
shoes102_4,1061024
shoes102_5,1061025
shoes102_6,1061026
shoes102_7,1061027
shoes102_8,1061028
shoes103_0,1061030
shoes103_1,1061031
shoes103_2,1061032
shoes103_3,1061033
shoes103_4,1061034
shoes103_5,1061035
shoes104_0,1061040
shoes104_1,1061041
shoes104_2,1061042
shoes104_3,1061043
shoes105_0,1061050
shoes105_1,1061051
shoes105_2,1061052
shoes105_3,1061053
shoes106_0,1061060
shoes106_1,1061061
shoes106_2,1061062
shoes106_3,1061063
shoes106_4,1061064
shoes106_5,1061065
shoes107_0,1061070
shoes107_1,1061071
shoes107_2,1061072
shoes107_3,1061073
shoes108_0,1061080
shoes108_1,1061081
shoes108_2,1061082
shoes109_0,1061090
shoes109_1,1061091
shoes109_2,1061092
shoes110_0,1061100
shoes601_0,1066010
shoes602_0,1066020
shoes603_0,1066030
shoes604_0,1066040
shoes605_0,1066050
shoes606_0,1066060
shoes606_1,1066061
shoes610_0,1066100
shoes610_1,1066101
shoes701_0,1067010
shoes701_1,1067011
shoes701_2,1067012
shoes816_0,1068160
shoes817_0,1068170
shoes818_0,1068180
shoes819_0,1068190
shoes820_0,1068200
shoes821_0,1068210
shoes823_0,1068230
shoes824_0,1068240
shoes827_0,1068270
shoes827_1,1068271
shoes828_0,1068280
shoes834_0,1068340
shoes835_0,1068350
shoes836_0,1068360
shoes837_0,1068370
shoes838_0,1068380
shoes839_0,1068390
shoes840_0,1068400
shout101_0,3061010
socks101_0,1071010
socks101_1,1071011
socks101_2,1071012
socks101_3,1071013
socks101_4,1071014
socks101_5,1071015
socks101_6,1071016
socks101_7,1071017
socks101_8,1071018
socks101_9,1071019
socks300_0,1073000
socks301_0,1073010
socks301_2,1073012
socks302_0,1073020
socks303_0,1073030
socks304_0,1073040
socks305_0,1073050
socks306_0,1073060
socks307_0,1073070
socks308_0,1073080
socks309_0,1073090
socks310_0,1073100
socks311_0,1073110
socks312_0,1073120
socks313_0,1073130
socks314_0,1073140
socks315_0,1073150
socks316_0,1073160
socks317_0,1073170
socks318_0,1073180
socks319_0,1073190
socks320_0,1073200
socks350_0,1073500
socks351_0,1073510
socks352_0,1073520
socks353_0,1073530
socks354_0,1073540
socks355_0,1073550
socks356_0,1073560
socks357_0,1073570
socks358_0,1073580
socks359_0,1073590
socks360_0,1073600
socks361_0,1073610
socks362_0,1073620
socks363_0,1073630
socks364_0,1073640
socks365_0,1073650
socks366_0,1073660
socks367_0,1073670
socks368_0,1073680
socks369_0,1073690
socks370_0,1073700
socks371_0,1073710
socks372_0,1073720
socks373_0,1073730
socks374_0,1073740
socks401_0,1074010
socks402_0,1074020
socks403_0,1074030
socks404_0,1074040
socks405_0,1074050
socks406_0,1074060
socks407_0,1074070
socks408_0,1074080
socks409_0,1074090
socks410_0,1074100
socks411_0,1074110
socks412_0,1074120
socks413_0,1074130
socks414_0,1074140
socks415_0,1074150
socks416_0,1074160
socks417_0,1074170
socks418_0,1074180
socks419_0,1074190
socks420_0,1074200
socks421_0,1074210
socks422_0,1074220
socks423_0,1074230
socks424_0,1074240
socks425_0,1074250
socks426_0,1074260
socks427_0,1074270
socks428_0,1074280
socks429_0,1074290
socks430_0,1074300
socks431_0,1074310
socks432_0,1074320
socks433_0,1074330
socks434_0,1074340
socks435_0,1074350
socks436_0,1074360
socks437_0,1074370
socks438_0,1074380
socks439_0,1074390
socks440_0,1074400
socks441_0,1074410
socks442_0,1074420
socks443_0,1074430
socks444_0,1074440
socks445_0,1074450
socks446_0,1074460
socks447_0,1074470
socks448_0,1074480
socks821_0,1078210
sslot101_0,2021010
sspray801_0,2168010
sspray802_0,2168020
sspray803_0,2168030
sspray804_0,2168040
sspray809_0,2168090
sspray819_0,2168190
tspray801_0,2208010
tspray802_0,2208020
tspray803_0,2208030
tspray804_0,2208040
tspray805_0,2208050
tspray808_0,2208080
tspray810_0,2208100
tspray811_0,2208110
tspray812_0,2208120
tspray816_0,2208160
tspray818_0,2208180
uniform101_0,3011010
wrist101_0,1111010
wrist101_1,1111011
wrist101_2,1111012
wrist101_3,1111013
wrist300_0,1113000
wrist301_0,1113010
wrist301_2,1113012
wrist302_0,1113020
wrist303_0,1113030
wrist304_0,1113040
wrist305_0,1113050
wrist306_0,1113060
wrist307_0,1113070
wrist308_0,1113080
wrist309_0,1113090
wrist310_0,1113100
wrist311_0,1113110
wrist312_0,1113120
wrist313_0,1113130
wrist314_0,1113140
wrist315_0,1113150
wrist316_0,1113160
wrist317_0,1113170
wrist318_0,1113180
wrist319_0,1113190
wrist320_0,1113200
wrist350_0,1113500
wrist351_0,1113510
wrist352_0,1113520
wrist353_0,1113530
wrist354_0,1113540
wrist355_0,1113550
wrist356_0,1113560
wrist357_0,1113570
wrist358_0,1113580
wrist359_0,1113590
wrist360_0,1113600
wrist361_0,1113610
wrist362_0,1113620
wrist363_0,1113630
wrist364_0,1113640
wrist365_0,1113650
wrist366_0,1113660
wrist401_0,1114010
wrist402_0,1114020
wrist403_0,1114030
wrist404_0,1114040
wrist405_0,1114050
wrist406_0,1114060
wrist407_0,1114070
wrist408_0,1114080
wrist409_0,1114090
wrist410_0,1114100
wrist411_0,1114110
wrist412_0,1114120
wrist413_0,1114130
wrist414_0,1114140
wrist415_0,1114150
wrist416_0,1114160
wrist417_0,1114170
wrist418_0,1114180
wrist419_0,1114190
wrist420_0,1114200
wrist421_0,1114210
wrist422_0,1114220
wrist423_0,1114230
wrist424_0,1114240
wrist425_0,1114250
wrist426_0,1114260
wrist427_0,1114270
wrist428_0,1114280
wrist429_0,1114290
wrist430_0,1114300
wrist431_0,1114310
wrist432_0,1114320
wrist433_0,1114330
wrist434_0,1114340
wrist435_0,1114350
wrist436_0,1114360
wrist437_0,1114370
wrist438_0,1114380
wrist439_0,1114390
wrist440_0,1114400
wrist441_0,1114410
wrist442_0,1114420
wrist443_0,1114430
wrist444_0,1114440
wrist445_0,1114450
wrist446_0,1114460
wrist447_0,1114470
wrist448_0,1114480
wrist820_0,1118200
xspray801_0,2228010
xspray802_0,2228020
xspray803_0,2228030
xspray804_0,2228040
xspray806_0,2228060
xspray815_0,2228150
xspray817_0,2228170
yspray801_0,2238010
yspray802_0,2238020
yspray803_0,2238030
yspray804_0,2238040
yspray806_0,2238060
yspray815_0,2238150
yspray817_0,2238170
,
Missing,
,
glove102_3,1051023
hspray803_0,2218030
mask101_2,1241012
mask101_3,1241013
mask101_4,1241014
shirts120_3,1031203
shirts120_4,1031204
shirts121_3,1031213
shirts121_4,1031214
shoes210_0,1062100
